0.489927,-0.451528,-1.04799,-0.598693,-0.020418
-0.641265,0.109245,0.29213,-0.916804,0.240223
0.870593,-0.459862,0.578159,0.806634,0.835248
-0.628439,-0.316284,1.934295,-1.427099,-0.136583
-0.596399,0.015938,2.043206,-1.688448,-0.948127
0.164735,-0.642728,-0.980619,-0.386415,-0.242046
2.470804,-0.707277,0.787143,-0.916224,-0.350777
-0.487177,-0.117226,1.404477,-1.366362,-0.671747
-0.68704,0.574784,-0.141653,-0.175181,-0.136583
-0.600961,-0.764064,-0.31402,1.291147,-1.545644
-0.583256,-0.526313,0.057808,0.530062,1.357693
-0.19083,-0.240767,0.655799,-1.409384,2.938723
-0.83164,-0.802773,-0.456364,0.541923,-0.136583
-0.3237,1.041403,-1.433166,-0.786542,-0.38078
0.6815,0.320053,-0.311883,1.508866,-0.873693
-0.334121,0.82734,-1.2103,-0.260763,-0.349
-0.827476,-0.933352,0.580666,0.855521,-0.742794
-0.013747,1.137307,-1.427127,-0.782865,0.142881
0.256722,1.189431,1.009472,-0.964069,-0.427583
-0.585563,0.118363,1.320127,-1.284249,0.726145
-0.795701,-0.614227,1.169343,0.846745,-0.873953
-0.333088,1.553507,-1.469661,-0.785612,-0.351059
-0.777758,-0.72519,0.74486,1.1073,-1.38102
-0.333324,1.034435,-0.147134,-0.197439,-0.309508
-0.254714,0.171568,1.850701,-1.380499,-0.609495
-0.139485,1.218113,-0.102299,0.004991,-0.815132
-0.232812,1.15102,-1.277143,-0.731492,-0.354226
-0.824056,-1.127956,-0.390331,0.371302,-0.136583
-0.198939,1.434068,0.323056,-0.899006,-0.136583
0.989734,1.136955,-0.237133,-0.212793,-0.378323
-0.469173,0.50567,-0.009256,-0.817039,-0.389145
-0.883593,-1.214377,-0.697352,-0.169275,1.44693
-0.381286,1.580944,-1.468248,-0.107852,-0.391287
-0.084287,-0.269613,0.628514,-1.753584,2.855161
0.573736,1.565716,0.117917,0.169403,-0.440998
-0.812631,-1.11416,-0.191122,1.98311,-1.268767
-0.224961,1.243845,0.001258,0.015145,-0.666459
2.401259,-0.425955,-0.291392,0.096177,-0.332696
0.164118,-0.198431,-0.272261,0.898545,1.130628
-0.395159,0.285966,1.870173,-1.369024,0.562583
2.988859,-1.832716,-0.679191,-0.598986,-0.232794
0.314062,0.192577,-1.244567,-0.655322,0.019301
-0.639741,-0.352328,0.996116,1.64021,-0.136583
2.040191,-1.755186,-0.609479,-0.328021,-0.366996
0.107902,1.205423,-1.311669,-0.70059,-0.307987
-0.335367,0.99398,-1.255436,-0.753286,-0.31537
-0.807595,-0.83535,0.032907,0.548498,-0.136583
0.063828,2.081274,-1.362071,-0.195148,0.696516
-0.532695,-0.670115,0.808365,0.376524,0.767549
-0.411545,1.199125,1.145646,0.476639,-0.576558
-0.773546,-0.875452,-0.29734,-1.284885,-0.136583
-0.591755,0.275697,-0.36948,-0.119276,-0.332922
1.040169,0.593419,-0.420639,0.140444,0.8875
0.274457,-0.087028,-0.510209,-0.272302,-0.381676
-0.281776,2.455362,-1.497818,-0.808659,-0.136583
-0.643959,-0.643103,0.256785,0.927884,0.794053
-0.635433,0.891731,1.084161,0.374338,-0.136583
-0.461169,0.613782,-1.57895,0.115567,1.785273
-0.831003,-0.781418,-0.474497,-1.514571,-0.136583
2.637794,-0.56079,-1.005609,-0.610595,-0.242117
0.000655,0.968564,-0.295023,-0.145701,-0.467262
-0.41349,0.626813,1.524918,-1.149799,-0.705259
0.318616,0.508701,-0.345005,-0.892794,2.657375
-0.098427,-0.718572,0.672396,0.19748,0.64713
-1.038974,-1.772421,-1.307283,1.431832,-2.193249
-0.641822,1.063658,0.24433,0.290601,-0.136583
-0.790018,-0.727319,0.170056,1.883654,-0.136583
-0.392413,-0.401279,0.724621,-1.548729,-1.46076
0.406,1.054739,-1.13836,-0.653154,0.052571
-0.761969,-0.26818,1.277293,-1.183757,-0.532343
0.171929,1.13491,-1.141332,-0.682468,-0.32167
0.917569,1.23696,-1.23777,-0.222339,0.146831
0.043557,0.723634,0.454919,-0.041149,-0.136583
-0.65695,2.216823,-1.373969,1.098361,-0.805723
-0.305798,2.575683,-1.471387,-0.807948,-0.402888
-0.781721,-0.566127,0.830172,1.59809,-0.136583
-0.278583,0.583255,0.348385,-0.081619,-0.136583
-0.522058,1.251882,-1.319068,-0.711409,-0.281255
1.265175,-0.906316,-0.963455,-0.401391,-0.010905
-0.753362,-0.358972,1.389943,-1.476504,-1.130669
-0.859294,-1.115657,-0.345765,-1.375103,3.031632
-0.438212,-0.650845,-0.006465,1.093553,1.462216
0.078875,1.067347,-0.127798,0.095259,1.817099
0.015602,1.706552,-1.516653,-0.02279,-0.136583
2.746129,-1.802384,-0.945815,-0.387828,-0.265349
-0.556506,-0.295628,2.316463,-1.470319,0.542526
0.158397,0.218274,0.911236,0.398116,1.061025
1.259586,-0.888911,-0.623273,-0.310994,-0.400209
-0.464874,1.333898,0.641092,0.346698,-0.136583
-0.700087,-0.704671,0.305573,2.253595,-1.706573
-0.386628,1.419439,-1.288349,-0.767624,-0.346717
0.060941,-0.349544,0.759739,0.920327,2.189254
-0.814265,-0.958308,-0.474786,-0.899808,1.433597
-0.571836,-0.198208,1.381882,0.833337,1.675774
1.086563,0.247626,0.53646,-1.048645,0.988874
0.440202,0.162767,-0.444774,-0.269081,0.070634
-0.793709,-0.869537,-0.005438,1.521558,-0.136583
-0.146509,0.533365,-1.343326,-0.778144,-0.407497
-0.743568,-0.496537,1.360551,0.824549,-0.136583
-0.463885,-0.239756,1.664345,-1.187615,0.461837
0.643327,0.213809,-1.136985,-0.29058,-0.433646
-0.208894,1.414257,0.397584,-0.921325,-0.136583
-0.336226,0.01622,0.256839,0.419887,-1.338629
-0.459869,-0.604049,0.001747,1.037585,1.717954
-0.361637,1.971846,-1.364793,-0.170906,-0.412964
1.323715,0.080822,0.059933,0.06528,-0.581594
-0.756117,0.114133,0.060231,-0.083094,-0.136583
-0.543415,0.668902,-1.233232,-0.707262,-0.136583
-0.739543,-0.896713,-0.270589,0.902223,1.785499
1.178268,1.753294,-1.228453,-0.713057,-0.308638
-0.184728,-0.438948,0.851221,-1.034197,0.462539
-0.640781,-0.151736,1.560631,-1.487612,-0.697156
1.828565,-0.728037,-0.941984,-0.337722,-0.22871
-0.601688,-0.796831,1.368807,0.908099,2.309403
0.437815,-2.462935,-1.113992,-0.320023,-0.285829
1.906296,-0.346081,-0.08491,0.564721,-0.582359
-0.676116,-0.920422,0.504593,1.554464,1.226415
-0.545993,-0.792215,0.154189,2.245686,2.698704
-0.311945,1.233094,-1.385168,-0.738461,-0.349058
-0.500596,-0.832882,0.143057,0.91828,-0.136583
-0.422827,1.241119,1.196649,0.382226,-0.645595
-0.114416,-0.888874,0.114758,2.038161,-1.115077
0.048561,0.648398,-1.140631,-0.234463,-0.580962
-0.134299,-0.587999,0.811888,1.890847,-1.613428
3.352419,-0.966021,-0.944017,-0.603822,-0.209933
0.348357,1.490856,-1.200923,-0.690733,0.191112
-0.850033,-0.755647,0.741337,1.468679,-0.136583
-0.778757,-0.236983,-0.129084,1.15414,1.873873
-0.862129,-1.156826,-0.391398,0.951801,2.708467
-0.353587,-0.94253,1.026188,0.827135,-0.762208
-0.617183,-0.500951,1.080801,0.547372,0.713432
-0.689987,-0.531124,1.494078,-1.382655,0.550403
-0.007934,-0.584056,1.595977,-1.49431,0.566877
-0.660014,1.456087,-1.398777,-0.064528,-0.374922
0.719207,0.764935,0.883822,0.205913,-0.423742
-0.490572,0.338924,0.500347,0.084219,-0.603002
0.52591,0.569379,-1.166201,-1.008378,2.45839
-0.419657,-0.84388,1.290692,0.888476,-1.500526
0.484547,0.866515,-1.214319,-0.23663,0.10831
2.897154,-0.888314,-1.011492,-0.696013,0.902268
-0.565643,0.038897,0.279574,0.07099,-0.482734
2.610114,-0.792976,-0.584646,-0.09161,-0.290287
-0.503492,-0.922614,0.949435,2.932916,-1.221231
-0.561951,-0.450408,1.956965,1.180806,-1.104984
0.059106,1.187915,0.958166,0.297796,-0.469915
-0.476777,-0.293207,1.360551,-1.197573,-0.608079
1.462909,1.038137,-0.243419,0.073677,0.385998
-0.710853,-0.935633,-0.120084,0.918243,-0.136583
-0.772159,-0.145003,0.838762,-1.06364,-0.50836
-0.66798,-0.830487,-0.19867,-1.163424,-0.136583
2.600716,-1.752882,-0.651474,-0.598629,-0.260203
-0.560158,-0.918325,1.141108,0.994624,1.594951
-0.61959,-0.85467,-0.074209,1.862813,-0.136583
-0.712059,-0.854212,-0.105827,1.068519,4.22589
2.864874,-0.836867,-0.48364,0.080825,0.152061
0.345108,-1.090301,0.513076,2.058713,1.678258
1.448458,-1.036451,-0.671663,-0.364489,0.036488
0.574505,-0.031709,-0.358881,-0.029576,-0.815318
-0.786055,-0.641559,1.067834,1.001591,-0.136583
-0.637317,0.607719,0.705149,0.132349,-0.555235
2.716166,-1.843314,-0.49373,0.268127,-0.434315
0.211388,0.564091,0.135089,-0.036787,-1.176583
-0.054138,2.039832,0.194468,-0.904133,0.217673
-0.841948,-0.969984,-0.144009,2.13075,-1.693309
-0.57685,-0.401797,0.35985,2.53504,-1.629842
0.977018,0.127187,-1.044926,-0.32512,0.094394
-0.801669,-0.891051,0.575036,1.634009,-1.06743
0.36105,1.120963,0.055812,0.315087,-0.893974
-1.075429,-0.66067,0.752327,-0.500597,-0.136583
-0.275051,2.075105,0.241933,-0.879372,-0.402292
-0.643204,-0.625454,-0.094549,1.768605,2.452709
-0.623362,-0.331946,2.138167,-1.487652,-0.818241
-0.103089,1.96113,-1.362597,-0.738182,-0.368374
-0.652698,0.141758,1.21074,0.502427,-0.136583
-0.501176,2.270486,-1.365357,-0.756133,-0.373544
2.674302,-0.807674,-0.572598,-0.593957,-0.211376
-1.042792,-1.683042,-0.360132,-1.090096,-0.136583
1.485722,-0.457798,-0.970772,-0.372077,0.042907
-0.033683,1.096347,-1.297956,-0.169683,-0.4241
1.285356,-0.344572,-0.432026,-0.122164,1.86364
0.753956,-0.393533,-1.011846,-0.592087,-0.004354
-0.686507,-0.94751,-0.260938,1.34439,1.681055
-0.295809,2.45085,-1.481416,0.442151,-0.605544
-0.426546,-0.80098,0.653875,1.862888,-1.103579
0.37563,0.715056,-1.205196,-0.703029,-0.328469
-0.743413,-0.915945,1.154615,-1.661641,-0.809268
-0.327048,-0.228405,0.81178,-0.888281,0.188317
0.593021,0.817752,-1.355203,-0.249871,0.309018
-0.785897,-0.470651,1.661957,-1.401603,-1.066096
-1.122341,0.194515,1.051701,-1.502403,-0.136583
-0.600706,0.196384,0.2303,-0.089616,0.135407
-0.79122,-0.308479,1.586241,-1.405747,-0.624088
-0.632476,-0.178127,1.582297,0.981216,-0.136583
-0.502384,1.537233,-1.289894,-0.82755,-0.356922
-0.830244,-0.57236,-0.473294,0.917904,1.546036
-1.087239,-0.659795,0.601338,1.650467,-0.136583
-0.660999,-0.225245,-0.347588,0.092246,0.635516
0.498579,1.235186,-1.173427,-0.69806,0.289821
-0.68389,0.0459,0.775354,-1.10606,-0.586297
-0.23888,1.436923,0.506798,0.19347,-0.456138
0.576543,1.022344,-1.303301,0.044273,1.633037
-0.387248,-0.1668,-0.248872,-1.237488,1.885495
-0.746265,-1.12752,-0.269243,0.908902,1.664707
0.359711,-0.534084,-0.995089,-0.363881,-0.136583
-0.664236,-0.258591,2.630868,-1.517289,-0.783283
-0.685148,0.360391,0.593071,0.093958,-0.576082
2.332856,-1.108192,-0.930716,-0.386423,-0.243651
-0.710812,-0.75468,0.127718,1.179814,1.087496
-0.773156,-0.946335,0.311635,2.122225,-1.369983
2.856454,-0.641177,-0.968212,-0.60793,-0.226683
-0.706015,0.222833,0.245164,-0.076268,-0.136583
-0.663508,0.045195,2.113055,-1.407535,-0.803006
-0.168119,0.942162,-0.068362,-0.189778,-0.347291
-0.575799,0.020367,-0.232084,-0.026057,0.53167
-0.271008,1.350278,-1.496625,-0.836291,-0.424866
-0.590094,-0.847286,0.536244,0.47479,-0.136583
0.240838,1.088697,-1.408654,-0.242357,0.300872
-0.40365,1.247735,1.034141,0.397916,-0.658153
-0.2938,-0.464562,1.312541,-1.12341,0.58675
-0.804813,-0.969469,-0.276851,2.061537,-0.136583
1.553392,-0.155414,-0.438941,-0.632981,-0.243444
-0.706436,-0.025681,0.090077,0.86972,-0.895676
-1.144901,0.271479,1.260036,0.377287,-0.136583
-0.730576,-0.729828,-0.287784,0.415801,1.981409
-0.199499,-0.910812,0.011977,1.900841,-1.176951
-0.600883,0.889968,-1.310964,-0.117855,-0.350425
0.187945,1.298072,-1.361924,-0.733595,-0.326239
0.234841,1.192697,-1.388669,-0.739041,-0.34572
-0.646664,-0.058452,1.836286,-1.340097,-0.667241
-0.739538,-0.979361,0.202681,2.588635,-1.605253
-2.110076,-2.424552,-1.144534,-0.690593,-0.330983
-0.627655,-0.830194,-0.043157,1.917601,-1.496414
-0.674274,-0.224728,1.752607,-1.437855,-0.652924
-0.553998,0.528289,-0.175836,-0.18713,0.103339
1.921214,-1.103319,-0.703855,-0.398271,-0.026612
0.427695,1.543649,0.364313,-0.068908,0.200415
1.732971,0.864576,-1.127938,-0.681879,-0.288218
-0.630206,-0.633365,-0.34874,0.971109,-1.071373
-0.523255,-0.13605,1.54587,-1.178357,-1.139839
-0.732438,-0.319445,1.682229,-1.324677,-0.620594
-0.246494,1.778721,-1.202588,-0.711427,0.115107
0.397476,-0.026445,-1.083604,-0.617486,-0.236907
0.544915,0.916793,-1.285285,-1.097911,1.985561
2.058195,-0.757919,-0.620944,-0.296834,0.039731
-0.795348,-0.578955,-1.457086,2.323235,-0.136583
0.209429,1.866365,0.176962,0.048801,-0.386402
-0.147945,-0.092974,0.973424,0.356246,-0.526362
-0.026021,1.102233,-1.344102,-0.738755,-0.136583
-0.679586,-0.85946,-0.414259,0.660314,1.511739
-0.514324,-0.538363,1.75748,-1.433803,-1.01521
0.016402,1.389652,0.822046,0.047032,-0.418695
-0.776283,-0.737382,0.62336,2.061186,-0.136583
1.99665,-1.024503,-0.133503,0.778348,-0.724702
-0.607807,-0.702996,1.783932,-1.490905,1.634775
-0.205608,0.958001,-1.27882,-0.727524,-0.317311
1.993448,-1.023942,-0.134886,0.778336,-0.721535
-0.770802,-0.491341,0.158893,2.039278,-1.333803
0.778655,0.835542,-0.269611,0.99446,-0.707465
-0.127305,2.23634,-1.251515,-0.820675,1.014114
0.236168,0.409636,-1.094783,-0.637182,0.053996
1.386797,-0.221273,-0.438409,-0.607618,-0.224869
-0.84335,-0.993798,-0.435235,0.182416,-0.136583
0.314808,1.091188,0.381094,0.217242,1.340127
0.358826,1.168845,-1.149792,-0.285145,-0.414844
2.158482,-0.502745,0.427138,-0.887709,-0.351776
-0.221603,1.661761,0.262944,0.004875,-0.443363
-1.134392,0.451795,0.626515,0.277241,0.510236
0.407421,1.551016,-1.397822,0.408816,0.710348
-0.425147,-0.563631,0.763802,0.96487,-0.827114
-0.450872,-0.756243,1.313784,-1.356718,0.656671
0.381127,0.19629,0.972656,-1.083694,1.332497
-0.301688,0.097107,1.246842,-1.114302,-0.495249
-0.79602,-0.680303,0.44111,1.447349,-0.136583
0.882029,0.410024,-1.154721,-0.651956,0.051345
-0.689006,-0.228394,1.660639,0.893247,-0.751814
-0.609299,-0.204788,1.502269,-1.24859,-0.675366
-0.651838,0.181379,0.240779,-0.937302,0.290301
1.494386,-1.061397,-0.925608,-0.381904,-0.218037
-0.73668,-0.907293,-0.514115,0.369482,-0.136583
-0.866736,-1.03673,-0.490765,0.031894,-0.136583
-0.608819,-0.142254,1.894443,-1.723184,-0.136583
-0.52404,0.063819,0.692052,-1.221839,-0.681202
-0.601638,-0.403891,1.905876,-1.338665,-1.03942
-0.70237,0.392974,0.383774,0.147194,-0.136583
-0.183305,-0.466579,0.644139,0.537706,-1.519981
-0.77721,-0.511336,0.497537,2.083382,-0.136583
-0.256395,1.494075,-1.345751,-0.931043,1.786732
-0.762375,-0.825578,-1.564097,2.038425,-0.136583
0.391549,1.127285,0.979918,-0.8941,-0.425168
-0.697082,-0.645604,0.306426,1.132095,-1.389327
-0.278393,2.484526,-1.43759,-0.808405,-0.39103
2.800069,-0.658572,-0.966708,-0.577747,-0.216652
-0.68491,1.371545,-0.096295,1.7272,-1.082608
0.139931,0.165904,0.888425,1.135585,-0.927862
-0.768859,-1.03492,-0.329043,-1.255289,2.980608
0.469152,-0.090624,-1.026882,-0.624918,-0.230049
1.859506,-0.445037,-0.974168,-0.383005,-0.197457
-0.756473,-0.997478,-0.302147,-1.31113,3.20864
0.415561,0.957907,-1.18918,-0.181573,-0.371604
-0.589536,-0.711003,0.97177,0.489775,1.009166
-0.085894,1.835697,-1.370105,-0.813685,1.399462
-0.811407,-0.81941,0.175622,-0.500597,-0.136583
-0.074169,0.021883,-1.147021,-1.03549,3.168805
2.444206,-0.310801,-0.021467,-0.686288,-0.274638
-0.475901,1.052342,0.556753,0.548657,1.634809
0.244995,0.745536,-0.115589,-1.042665,1.869703
-0.776768,-0.86836,0.167773,1.573421,-1.438254
0.686158,0.626496,-1.197832,-0.655752,-0.277196
2.632321,-0.902388,-0.960456,-0.606303,-0.013186
-0.793877,-0.788898,0.39566,0.338071,0.808364
2.162465,-1.117568,-0.339941,0.733386,-0.528825
-0.785084,-1.019048,-0.311302,2.247619,-1.719613
-0.033149,1.323993,-1.261445,-0.198704,0.148284
-0.641959,0.400283,-0.057281,-0.149107,-0.326982
-0.356886,0.934172,-1.233334,0.092754,2.381533
1.28007,-0.053047,-0.544602,-0.357984,-0.252127
0.311512,-0.112197,-1.119856,-0.648619,-0.241273
-0.7202,-0.58121,0.137166,1.05717,-1.477085
-0.430527,0.757168,-1.16048,-0.220955,-0.293327
-0.851995,-1.124144,-0.497534,0.170726,-0.136583
-0.098315,1.907279,0.269849,-0.946429,0.239203
-0.581685,-0.272339,1.783824,1.201609,-0.136583
-0.325499,-0.827224,1.385145,1.064552,2.570929
-0.612558,-0.236419,2.019801,-1.449943,-0.136583
-0.189601,2.394085,-1.425312,0.406458,0.519358
-0.318363,-0.951294,1.393358,0.674449,2.711056
-0.736789,-0.657865,-0.270711,0.499804,-0.136583
-0.695242,0.308198,0.600711,-1.145821,-0.136583
0.269916,0.944582,-1.287333,-0.211195,-0.365151
-0.861735,-1.134381,0.127383,-0.916981,-0.864319
-0.507112,2.013923,-1.398481,-0.802688,-0.401825
2.405964,-1.810562,0.644993,0.13132,-0.511672
0.200631,2.029456,0.073497,0.312913,0.409543
-0.576146,-0.108801,1.388095,0.694654,-1.312998
-0.329331,1.910745,0.262782,0.065843,-0.136583
-0.609665,-0.396874,0.389793,0.777947,-0.136583
-0.813305,-0.794918,0.652362,2.293229,-0.136583
-0.711667,-0.424733,-0.028509,1.557916,-1.263006
-0.060235,-0.11074,-0.460082,-0.625965,-0.248979
-0.800612,-1.108298,-0.294636,-1.609158,-0.136583
3.828575,-0.766269,-0.941616,-0.559184,-0.194491
-0.726402,-0.986231,1.226398,1.066134,2.417182
-0.705733,-0.220451,1.337654,-1.265697,-0.533964
2.443566,-0.294852,-0.292447,0.041452,0.531416
-0.75083,-0.376658,-0.271624,0.876336,1.402128
-0.785588,-1.086053,-0.314435,1.593784,-0.136583
-0.125956,1.707093,0.70249,-1.053162,-0.48374
-0.742438,-0.14941,1.376155,-1.203511,-0.136583
0.960761,0.847891,-0.200377,1.071846,-0.645878
-0.743384,-0.880936,-0.015474,1.972991,-0.136583
-0.428909,0.204104,-1.218598,-0.749326,-0.464432
3.101991,-0.916837,-0.971642,-0.365206,0.006161
-0.528298,-0.449842,0.146706,1.394256,-0.136583
-0.896988,-1.116595,-0.462389,-1.062046,-1.107242
-0.087219,0.289574,0.156261,0.047661,0.26484
-0.815784,-1.027629,-0.383275,0.721119,2.230722
1.292157,-0.506779,-0.634214,-0.29549,0.13932
-0.214887,2.104269,-1.463575,0.59914,-0.707988
0.247872,1.442539,-1.356603,-0.149271,0.91741
-0.863489,-1.582094,-0.613889,-0.909957,-0.136583
-0.283074,-0.832066,1.291351,0.959484,2.626261
-0.75705,0.214032,0.542705,0.18406,-0.509205
-0.571836,-0.198208,1.381882,0.833337,1.675774
-0.114479,0.251292,1.238554,0.435902,2.117627
-0.531105,-0.536165,0.25551,1.467336,-1.762224
0.513904,-0.662019,-0.958142,-0.360426,0.053329
2.127984,-0.328012,-0.987114,-0.61601,-0.203635
2.937399,-1.802774,-0.94114,-0.587053,-0.225673
-0.482332,2.111719,-1.484801,-0.881991,-0.607664
0.157746,0.217734,0.910707,0.397947,1.060141
-0.61852,-0.013649,2.265016,-1.648617,-0.773226
-0.023376,1.585996,-1.296889,-0.82898,-0.563117
1.342709,1.576173,-1.269996,-0.120446,0.211617
-0.628652,0.159982,2.399159,-1.444064,-0.136583
-0.839037,-1.118049,-0.377525,0.810902,-0.836738
-0.740472,-0.726656,-0.051209,1.888098,-1.419064
-0.126043,1.397689,-1.333847,-0.180313,0.151454
-0.629208,-0.431371,1.846984,-1.166508,-0.66932
-0.204202,0.696597,-1.371774,-0.232587,-0.336944
-0.543362,-0.116556,0.944108,0.279145,-1.066195
-1.782319,-0.911734,-0.646438,-0.315162,-0.278753
0.320514,1.282585,-1.200638,-0.271283,-0.323598
-1.731297,-2.312695,-1.249343,-0.679553,-0.290878
-0.365544,0.787037,1.819419,-1.285989,-0.69344
-0.536734,-0.925142,1.353387,0.638266,0.540705
-0.610891,-0.216702,-0.020165,0.893987,-1.534247
-0.665968,-0.104548,1.389424,-1.203707,0.858844
-0.800229,-0.943745,-0.34875,-1.125293,1.736473
-0.594961,-0.063881,0.794664,0.21349,-0.692216
0.988011,0.015891,-1.085315,-0.244402,0.14602
-0.83006,-0.944409,0.242752,1.693981,-0.136583
1.854243,0.040448,-0.549536,-0.216887,-0.315395
0.019725,1.713144,0.817658,-0.957645,-0.437595
2.734716,-0.857126,-0.980812,-0.28467,-0.246612
-0.64385,-0.917078,1.304383,0.755411,0.90932
-0.624125,-0.143887,2.084765,-1.330685,1.201514
-1.125237,-0.276557,1.291384,0.630143,-0.136583
-0.313082,1.161654,-0.02255,0.130975,-0.767182
-0.411935,-0.893117,1.584382,0.678091,0.886073
-0.446392,-0.757953,0.214977,2.396377,-1.817542
-0.431419,0.89958,0.145228,-0.086655,-0.136583
-0.567617,0.025702,0.147265,1.916659,-1.12358
0.702846,1.374835,0.25365,0.193762,-0.408605
3.335825,-1.054289,-0.93471,-0.588374,-0.045485
2.797251,-0.880493,-0.989845,-0.300261,-0.241311
3.314665,-0.513473,-0.996691,-0.609571,-0.232785
0.429803,1.72292,-1.334548,-0.73461,0.541666
0.123177,1.227207,-1.266718,-0.681489,-0.282288
-0.306924,1.102269,-1.190529,-0.250203,-0.389617
-0.698536,-0.818258,-0.188597,1.240728,-0.136583
1.545426,-0.962949,-0.654179,-0.339108,-0.377828
-0.595496,1.590438,-1.384855,-0.160288,0.165159
0.182769,-0.471621,1.447635,0.409474,0.503551
-0.716611,-0.812639,1.941816,-1.315942,0.55488
-0.535376,-0.237183,1.735328,-1.481625,-0.819767
-0.471265,-0.800623,0.241027,0.885475,-0.136583
-0.847626,-1.05581,-0.289216,-1.872634,-0.136583
1.633289,-0.023778,-0.446447,-0.316282,-0.301023
1.708923,0.07349,-0.074452,-0.715068,0.218108
0.84325,0.863906,-1.131907,-0.659397,0.042556
-0.144891,0.780163,-1.11772,-0.661859,-0.258762
2.840908,-0.715664,-0.63629,-0.359729,-0.25117
-0.190068,0.242256,1.081968,0.363807,-0.576721
-0.463147,0.276754,0.645447,1.702167,-0.136583
-0.729998,0.393609,1.674092,-1.371444,-0.136583
-0.724597,0.886008,1.195482,-1.254308,-0.543764
-0.513828,0.562458,0.338919,-1.058967,-0.136583
0.071627,1.038806,-0.236065,-0.116003,-0.542612
0.169674,0.06879,-1.14511,-0.652717,-0.25311
2.441575,-0.845564,-0.962421,-0.344193,-0.240143
-0.693454,-0.89498,0.31304,0.879361,-0.136583
-0.666283,-0.720764,0.035078,1.657962,1.560778
-0.829076,-1.156631,-0.461957,1.289101,2.994958
0.460325,0.537653,-1.088466,-0.636273,0.037225
-0.212816,-0.539598,1.275704,0.424374,0.492359
-0.560116,-0.202132,2.189009,-1.535168,-0.798506
-0.830108,-1.023969,0.075727,0.301364,-0.136583
-0.672905,0.734702,-0.296558,-0.158885,-0.315654
-0.732679,-0.896573,0.138165,1.735373,-1.017187
-0.557847,-0.589777,1.726165,0.623859,0.758276
-0.702161,-0.543436,0.029138,1.698601,-0.136583
-0.057522,1.453655,-1.260722,-0.199437,0.14619
-0.689161,-0.757967,0.952547,-2.030907,-0.86686
-0.796949,-0.767461,0.624592,2.361752,-0.136583
0.058962,1.304593,-1.336331,-0.749585,-0.35716
-0.719607,0.344259,0.069833,-0.094823,0.181224
-0.639405,-0.695677,1.147667,0.802265,-0.929438
-0.772263,-0.682576,0.598874,0.646482,-0.136583
0.642547,-0.344821,-0.015305,0.300872,0.42745
2.917964,-0.670206,-0.969887,-0.612595,-0.234584
-0.538641,-0.151642,1.879261,-1.352245,-0.735058
-0.769063,-0.271035,1.196941,-1.465146,-1.096473
-0.493375,-0.861211,0.226001,0.710708,-0.136583
-0.426088,0.283405,1.021855,0.703282,1.581013
-0.318493,-0.595716,1.362302,-1.258999,-0.767522
-1.083759,-0.274243,-1.059457,0.268844,-0.475408
-0.539509,0.287153,0.547201,-0.99817,-0.471841
1.459718,-1.16456,-0.945289,-0.398523,-0.279752
1.539755,0.405888,0.303228,-0.867036,-0.369149
-0.206955,2.043603,-1.394892,-0.756144,-0.386803
2.228481,-0.899504,-0.951722,-0.397866,-0.207327
0.479656,0.346573,1.44515,-1.014331,-0.517642
-0.776902,-1.084297,-0.339577,-1.263702,2.956269
0.44783,-0.563947,-0.555972,-0.632225,0.074643
0.807232,0.939201,-0.213734,0.338559,0.709285
0.366733,-0.442695,-0.979966,-0.412901,-0.001392
-0.79743,-0.678912,0.932664,0.767564,0.836867
-0.726636,-0.064104,0.79086,-1.043337,-0.136583
1.300868,-0.483149,-0.606808,-0.307014,0.058021
-0.858947,-0.830674,-0.540016,0.25255,-0.136583
0.595711,0.199909,-0.110665,1.531514,-0.947453
-0.534534,0.831065,-0.050492,-0.099852,-0.451924
-1.168874,-2.250384,-1.692687,-1.304129,-0.692537
-0.654524,-0.801161,-0.136697,1.072938,1.904883
-0.344507,0.884492,-0.173663,-0.035011,-0.675218
-0.513198,0.486963,0.06385,0.007932,-0.437678
0.153847,1.36043,-1.249723,0.049686,1.468971
-0.312925,0.789317,-1.347032,-0.760799,-0.358651
2.290701,-1.795057,-0.692827,-0.362856,-0.026307
-0.546151,1.619649,-1.402622,-0.826613,-0.372799
-0.813956,-1.033002,-0.379599,0.751312,-0.136583
-0.246003,1.776747,-1.297707,-0.188557,-0.601482
-0.745704,0.270186,0.433956,0.25421,-0.136583
-0.51777,-0.005436,0.477082,0.221946,-0.509674
-0.325069,-0.41667,1.72248,-1.509266,-0.681233
1.262031,0.014105,-1.089847,-0.34753,0.034495
-0.16558,0.147386,1.216899,0.476002,1.448819
-0.395177,-0.254303,1.241504,-1.055478,-0.519811
-0.684282,-0.868143,0.11465,1.956695,-0.136583
-0.476814,0.969023,0.331485,0.034222,-0.638649
-0.233873,-0.440281,0.724534,1.024214,-0.742063
-0.51098,1.489176,0.297749,-1.085332,-0.136583
0.814079,0.178817,-1.074385,-0.33172,-0.274807
-0.201984,-1.035276,0.845008,0.498147,1.114524
-0.618384,0.789305,1.243719,-1.276043,-0.136583
2.815324,-0.866839,0.344538,-0.830425,-0.302607
0.369551,1.309646,0.756152,-0.877417,-0.427707
0.010505,1.025482,-1.352492,-0.758411,-0.392001
-0.18859,1.491432,0.45533,0.606502,-0.554947
1.75753,-0.794989,-0.942049,-0.403957,-0.203447
0.212738,0.13996,0.900712,1.031484,-1.059744
-0.344947,-0.524313,1.087122,1.093364,1.180922
-0.688655,0.111677,0.539129,-0.990786,0.29105
0.269124,0.850206,-0.163813,1.434104,-0.759963
2.983316,-0.814171,-0.588785,-0.24641,0.845555
-0.827541,-1.120149,-0.409051,-1.334274,-1.901651
-0.715338,0.205149,0.228682,-0.090553,0.207632
-0.574795,-0.588139,1.441995,0.435645,0.567522
0.230229,2.010092,-1.251154,-0.699083,-0.375525
-0.714424,0.162884,0.646906,0.136596,-0.443321
-0.858683,-1.021885,-0.417464,-1.275212,2.564779
0.600182,-0.233587,0.50964,0.89169,1.047475
-0.532401,0.473545,1.713252,-1.299344,-0.136583
-0.231975,-0.149292,1.450239,1.713089,-0.136583
0.571908,1.414962,-1.1876,-0.685793,-0.315899
-0.839335,-1.086062,-0.216867,0.612655,3.098412
-0.466957,-0.770954,1.493311,0.762128,-1.580625
-0.656845,-0.212543,2.235841,-1.473598,-0.136583
-1.086062,-2.062892,-1.746453,-1.52785,-0.933145
-0.814527,-1.128805,-0.148378,1.410414,1.485927
-0.770581,-0.972015,0.077849,1.887721,-1.655834
-0.586162,0.147797,0.6243,-1.003957,-0.490388
-0.608839,-0.792483,-0.22784,0.810387,2.037296
-0.694187,-0.763321,0.811478,0.275881,-0.136583
0.052263,0.289386,-1.086674,-0.664239,0.03224
-0.743486,0.616508,1.392223,-1.32984,-0.571468
0.03279,0.538112,-0.268529,-0.108351,-0.695982
0.219458,1.863345,-1.284693,0.029072,0.934946
2.476545,0.347913,-1.092718,-0.622222,-0.251589
-0.59909,-0.298001,0.009317,1.848476,2.176242
0.447014,1.741556,0.193197,-0.107909,-0.380921
0.702717,1.199912,-1.424562,-0.764742,0.06077
-0.084103,-0.782773,0.665772,1.929716,1.957209
-0.456539,0.334083,-0.204297,-0.74345,-0.35015
-0.445216,0.206618,-0.283926,-0.120235,-0.136583
-0.321562,-0.034964,0.764689,1.887119,-1.075777
0.938577,0.443171,-0.405525,-0.668592,0.080053
-0.678124,-0.28799,1.681796,-1.567019,-0.136583
-0.589938,1.030899,-1.188195,-0.731384,-0.324752
-0.859581,-1.03171,-0.229079,0.666409,-0.136583
-0.44491,1.928077,-1.450477,0.967833,-0.804901
-0.782796,-0.519146,0.831479,1.639758,-0.136583
-0.598794,1.835686,-1.283886,-1.043167,1.997287
0.271698,1.190218,-1.294633,-0.734553,1.155614
1.618616,0.0651,-0.347769,0.163844,1.157406
-0.439398,-0.600801,-0.354941,0.855822,1.594385
0.620259,1.605208,0.224349,-0.757645,-0.34547
-0.704278,-0.068111,-0.057623,1.26934,1.191342
-0.119055,0.796778,0.214,-0.822972,0.22731
1.490229,-0.434932,-1.015207,-0.387351,-0.268805
-0.662096,-0.8911,1.544455,0.543061,0.933759
-0.29492,2.001515,-1.501087,-0.013747,-0.451712
1.511178,0.455391,0.235197,-0.880085,-0.360909
-0.832047,-0.935187,0.310014,2.402943,-0.136583
-0.738058,-0.384427,1.655128,-1.269181,-0.58501
-0.787265,-1.263343,0.112819,-1.123893,-1.556373
-0.489377,2.254306,-1.376646,-0.76671,-0.382232
-1.227217,-0.626251,0.10895,1.317612,-0.136583
-0.768939,-1.060945,-0.187841,1.713202,2.337494
2.298631,-0.832091,-0.202566,0.360278,0.558319
-0.688205,-0.92594,0.953357,0.984907,1.087207
-0.232473,0.512708,-1.451908,-0.792953,-0.419439
-0.816974,-1.154712,-0.227571,1.245311,1.765138
-0.336657,2.017389,-1.485799,0.356523,1.028733
-0.698664,0.221693,1.867072,-1.590635,-0.788182
-0.595098,-0.154298,2.247003,-1.484628,-0.791055
-0.695563,-0.689514,-1.514183,2.539573,-1.962611
-0.028497,0.669149,0.018688,-0.753027,0.072074
-0.586735,-0.054257,0.004201,0.81453,1.229452
-0.46276,0.724574,0.871244,-1.079751,0.335708
-0.745755,-0.952335,0.543635,1.742065,-1.23233
1.319244,0.73643,-0.408066,-0.094506,0.574286
0.324753,1.68438,0.050859,-0.063676,-0.136583
-0.569922,0.331287,1.318711,-1.177513,-0.136583
-0.283126,1.697469,0.319123,0.251538,-0.534377
0.565003,-0.046831,-1.079358,-0.349509,0.026431
1.510677,1.033072,-0.238969,0.215279,0.324021
-0.472493,1.133218,0.532969,0.394679,1.516071
-0.843081,-0.895821,-0.470736,0.155894,1.710032
-0.798119,-1.086975,-0.363615,0.992439,-0.136583
-0.19858,2.620157,-1.410042,-0.068573,0.337068
-0.690435,-0.651727,-0.049126,1.684628,-0.136583
-0.278289,-0.842212,0.825093,0.547043,0.693686
-0.833215,-0.940148,0.238756,-0.500597,-0.136583
-1.231742,2.293363,-1.564976,-0.891388,-0.429458
2.615925,-1.061396,-0.947993,-0.592128,-0.027149
-0.304321,2.246151,-1.594833,-0.853057,0.206473
2.161626,-1.115893,-0.338401,0.735174,-0.527588
0.412859,0.652734,0.834894,0.429379,-0.498795
1.605981,-1.162273,-0.271526,1.812307,-1.054765
-0.32323,1.914482,-1.553387,-0.819021,-0.399891
2.097124,-0.207161,0.724621,-0.800926,-0.321689
-0.373034,1.054305,0.994506,-1.239298,-0.136583
-0.450091,-0.350263,0.52024,0.585585,3.54023
1.749309,-0.454522,-0.282508,1.021176,-0.787895
0.465728,0.888111,-1.277254,-0.735877,0.134308
-0.598837,-0.210216,0.086908,2.317459,-1.301362
-0.046279,0.998692,1.10882,-1.026642,-0.413134
-0.17062,-0.771464,-0.085069,2.175368,-1.125119
-0.676637,-0.528173,1.448943,-1.258441,-1.372433
-0.297687,2.685053,-1.59061,0.071954,0.703792
-0.480678,1.545094,1.344191,-1.019137,-0.443976
-0.752056,-1.038814,-0.25671,-0.907514,-0.136583
1.308344,-0.765992,-0.678201,-0.245416,-0.377267
-0.662069,-0.61494,0.19346,2.36779,-0.136583
-0.869946,-1.167893,-0.437977,0.763371,-0.136583
-0.628525,1.059898,0.086902,0.855809,-0.78827
-0.722317,-0.792582,0.725215,0.279453,2.147942
0.178453,0.289021,-1.077018,-0.627123,0.038501
-0.715785,-0.564177,0.146768,1.202713,-0.136583
-1.027497,-0.595764,0.943027,1.161673,1.585235
0.037111,0.90012,0.149919,0.157191,0.964844
-0.2577,-0.383873,1.536826,1.743044,-0.988697
-0.643542,-0.510242,1.858244,-1.161815,-0.691116
-1.887051,-0.439946,-1.139007,-0.072611,-0.921493
-0.298261,1.389006,0.824185,-1.108954,-0.136583
-0.128641,1.131056,-1.415155,-0.736861,-0.136583
0.455399,0.649185,0.141903,0.08095,0.385706
-0.595734,1.789567,-1.287987,-0.759729,-0.376812
2.4339,-0.603851,-1.007721,-0.168206,-0.296567
-0.392924,-0.026386,1.926223,-1.385544,-0.635715
2.610382,-0.793508,-0.584646,-0.09161,-0.289499
-0.678884,0.566382,0.06188,-0.021003,-0.44146
0.076351,1.893661,-1.273673,-0.717511,-0.340264
1.317637,0.399096,-0.291628,-0.184716,0.736517
-0.348598,-0.321984,0.509413,0.845188,2.961308
-0.84989,-1.101314,-0.187535,0.154083,-0.655951
0.803902,0.284615,-0.221736,1.399416,-0.844397
-0.196031,1.700524,0.139566,0.632642,-0.693206
-0.862789,-1.064913,-0.368715,1.474906,-1.618619
0.379065,1.685332,-1.275041,-0.718646,-0.318021
-0.508162,0.009358,0.411426,0.220675,-0.504768
-0.750213,-0.87308,0.104885,1.909352,-1.482658
-0.819112,-0.634832,0.493496,-0.500597,-0.136583
-0.707862,-0.556874,-0.177644,2.214111,-1.760551
2.587429,0.146246,-1.112265,0.366489,-0.44753
-0.505971,0.07544,-2.000898,-1.276697,-0.984634
-0.782905,-0.478642,0.793832,2.745151,-1.86615
-0.334328,-0.233164,0.178604,2.555793,-1.366125
-0.173444,2.191878,-1.448669,-0.85817,-0.773068
1.362261,0.841746,-0.153867,-0.726161,-0.313183
0.162167,0.43289,-1.152494,-0.258806,-0.291117
0.780856,0.206736,-1.095294,-0.620468,0.021551
0.78768,1.21796,-0.185302,-0.217726,0.096517
-0.675122,-0.441863,2.044222,-1.423744,0.808887
-0.240259,-0.229463,1.201523,-1.198019,-0.662003
0.759988,0.603771,-1.201581,-0.654462,-0.270811
-0.663296,-0.226149,1.718806,-1.493653,-0.136583
-0.834296,-0.777359,0.231087,2.359416,-1.663353
-0.169181,1.687646,0.164423,-0.113112,0.183564
2.729558,-1.79053,-0.710578,-0.380244,-0.285708
-0.262952,1.102574,0.679409,-0.941103,-0.399275
1.448865,-1.052956,-0.924519,-0.387427,-0.226766
0.224582,0.414536,-1.150527,-0.24633,-0.296381
0.183933,1.500761,-1.405588,0.80647,-0.636153
-0.809355,-0.977981,0.198423,0.391028,-0.136583
0.044289,0.08437,1.433815,-1.184298,-0.594276
0.035804,1.314181,-1.29935,-0.0221,2.257598
-0.78966,-0.21071,0.586588,-0.928515,-0.425591
-0.688782,0.284791,1.249933,0.745712,1.864996
0.215987,1.096535,0.552755,0.545791,-0.533339
-0.19858,1.686765,-1.347614,-0.80143,-0.379143
-0.172689,0.328631,-1.187341,-0.260598,-0.360179
-0.213857,-0.291057,1.476249,0.985672,1.309303
-0.835015,-0.948065,-0.265563,0.07986,-0.666781
-0.82617,-1.031679,-0.117513,-0.830359,-0.96625
-0.679626,-0.150279,-0.198777,1.907218,-0.136583
0.488925,0.743668,-0.194372,0.396861,1.150834
-0.675107,-0.787309,1.832958,0.627862,-0.136583
-0.636173,1.677036,-1.280891,0.083369,2.416678
0.771482,0.391506,-1.180783,-0.984514,2.258935
-0.876945,-1.145098,-0.444762,-1.221828,3.574489
2.602288,-1.859379,-0.529057,0.010917,-0.550883
1.150308,-0.19359,-1.032783,-0.602988,-0.017872
0.656556,-0.550813,1.937774,-1.186784,-0.582251
0.204667,0.689793,0.036965,1.419993,-0.939335
-0.84821,-0.958664,-0.365164,0.426188,-1.389949
-0.229768,2.148297,-1.645664,-0.817391,-0.405786
3.578869,-1.762329,-0.298651,-0.65953,-0.251297
-0.293634,0.664319,0.400469,-0.064932,-0.136583
-0.814044,-0.63374,-1.976196,2.05005,-1.906585
-0.547916,-0.771973,1.862026,-1.439115,1.104372
-0.530845,-0.663642,1.259172,0.501438,-0.774192
-0.812458,-0.610115,-0.453272,1.030228,-0.136583
-0.598055,-0.248287,0.461587,1.167059,-1.820674
-0.79785,-0.760573,0.745757,2.040245,-0.136583
-0.62145,-0.55552,0.203685,-1.001893,-0.136583
-0.637695,-0.525947,0.159903,2.163944,-0.136583
-0.455681,-0.891768,1.375788,0.419732,0.642962
-0.366825,1.154768,-0.129365,0.358636,1.331787
-0.790168,-1.112158,-0.486665,-0.060274,1.46459
1.066941,0.464239,0.860374,-0.94097,-0.423014
-0.814111,-1.113744,-0.365767,1.782126,1.950156
1.478805,-0.689695,-0.934593,-0.402729,-0.024455
-0.398418,2.313409,-1.493665,-0.862264,-0.404075
0.613982,1.007716,-1.155174,-0.7085,-0.38903
2.475019,-0.174249,-0.426509,-0.176883,0.399355
-0.492591,0.144801,1.036119,0.89857,-0.922247
2.873677,-0.673995,-0.526716,0.592555,-0.485663
0.417622,-0.745137,0.939364,0.275749,0.33826
0.917395,1.236314,-1.237929,-0.222406,0.146764
-0.350542,1.661549,0.786765,0.366686,-0.603921
0.258539,0.823897,-1.17041,-0.255163,-0.848299
0.008719,0.023305,1.309472,-1.169153,0.466905
-0.65293,-0.467628,-0.088778,0.787036,-0.136583
-0.804268,-0.775879,0.651498,0.295489,-0.136583
0.182946,-0.569078,-1.023464,-0.614281,0.056277
1.439817,-0.105582,-0.5007,-0.206084,-0.251606
1.564827,-0.450744,-0.420071,-0.619596,-0.240873
-0.746392,-0.658911,-0.277897,0.473487,-0.136583
-0.812722,-0.690766,0.659764,-0.500597,-0.136583
1.735661,0.646976,-1.218851,0.650695,-0.588425
-0.542308,-0.79373,1.275953,0.676322,1.048394
0.157106,1.58622,-1.269631,0.99957,-0.791884
1.313433,-0.315999,-0.631211,-0.32473,0.097983
2.362458,-0.594724,0.562199,-0.88926,-0.354273
-0.654685,0.558298,0.181211,0.42084,-0.642793
0.845265,0.955827,-0.204679,0.451442,0.597939
-0.270699,-0.132008,0.386854,2.191187,-1.352961
0.219458,1.862652,-1.284376,0.028963,0.935081
-0.483921,0.639844,0.436139,0.146746,-0.533804
-0.788481,-0.243869,1.292043,-1.208478,-0.136583
0.000542,0.827552,0.367274,1.357158,-0.755919
-0.30054,-0.10456,0.755093,0.770314,2.141758
-0.869975,-0.168292,-1.130829,0.283424,-0.559158
-0.830459,-0.733114,-0.553696,0.068732,1.5027
-0.274584,1.485721,-0.11583,-0.12967,0.290553
-0.273819,0.631396,0.910199,1.29642,-0.722916
-0.611327,-0.864281,1.51113,0.930684,2.446385
-0.814761,-0.530813,0.572011,1.711407,-0.136583
-2.097106,0.351649,-1.179423,-0.671953,-0.285628
-0.445794,-0.6167,-0.086563,1.631447,-1.894876
-0.767254,-1.040226,-0.535961,0.103939,-0.136583
-0.82784,-0.994565,-0.268217,0.867322,-0.136583
-0.649512,-0.781888,0.481242,1.009099,-0.136583
-0.055884,1.557972,-1.556322,0.034546,-0.657055
-0.726761,-0.092657,0.645987,-0.969075,-0.401417
0.681745,0.647246,-1.196025,-0.658079,-0.284402
0.032206,0.436685,-1.180326,-0.059734,-0.823097
-0.810509,-1.006387,0.137813,0.297141,-0.136583
-0.249806,0.067086,1.034509,0.338782,1.940306
-0.850714,-0.76091,-0.073362,2.237588,-0.136583
-0.52708,0.550484,0.068563,-0.016398,-0.487348
0.372847,-0.462005,-0.569236,-0.380511,0.003496
2.024936,-0.820113,-0.2073,0.096117,0.455759
-0.422521,0.298892,1.557627,-1.184243,-0.136583
-0.488513,-0.703257,2.378488,-1.368135,0.665911
-0.833907,-0.996642,-0.050978,-1.293509,2.140211
-0.674975,-0.836655,-0.397054,0.634943,1.7121
-0.749836,-0.426544,1.621403,0.664088,-0.136583
-0.487688,-0.275171,1.773937,-1.490753,0.607954
-0.618925,-0.441055,0.132349,0.556058,-0.136583
-0.128429,1.306755,0.606287,0.255177,1.357132
1.758077,-0.546497,-0.49009,-0.603023,-0.006997
1.310859,-0.044082,0.458496,0.844021,-0.63146
0.816024,0.161545,-1.077403,-0.334029,-0.276489
0.286836,1.175707,-1.351103,-0.183959,0.458196
2.660945,-1.805146,-0.659661,-0.347147,-0.316387
2.42144,-1.777784,-0.696564,-0.330866,-0.2414
1.723736,-0.328178,0.019508,-0.773296,0.247891
-0.474401,2.821988,-1.48107,-0.930957,-0.413482
-0.794863,-0.63678,0.410821,1.881168,-0.136583
2.472888,-0.796173,-0.967704,-0.38931,-0.031698
-0.629606,-0.528638,-1.750057,1.71914,-1.350889
-0.731151,-1.014819,-0.131013,0.182038,-0.136583
-0.686274,0.575418,-1.252982,-0.074211,-0.34441
1.611815,-0.007668,-0.327626,0.048498,-0.544144
-0.393287,1.552532,0.768136,0.490087,-0.552959
1.324554,0.20804,-1.127378,-0.210123,-0.314206
-0.338816,2.148144,-1.54344,-0.864539,-0.459679
-0.712686,-0.137859,1.265061,-1.18889,-0.533839
-0.887947,-1.191153,-0.432605,-1.03815,-0.136583
-0.672416,-0.680866,1.518575,-1.354356,0.809436
3.156467,-1.798109,-0.630902,-0.59897,-0.01305
2.796238,-0.776078,-0.484928,-0.380328,-0.227095
1.72674,-1.066256,-0.923505,-0.565467,-0.057589
0.185113,-0.519899,1.25566,-1.243143,1.58085
1.114488,-0.159186,-1.017256,-0.589315,-0.009184
-0.839546,-1.085919,-0.27689,1.354647,-0.136583
0.931625,0.341967,-1.128638,-0.625738,-0.136583
-0.577513,-0.060168,1.954318,-1.382291,-0.889087
-0.826365,-0.955836,0.123714,0.591718,-0.136583
-0.32313,1.395445,0.884643,-1.052852,-0.505728
1.472633,0.766157,0.127645,-0.802293,0.130515
2.694995,-0.708525,-0.630394,-0.353773,-0.2536
0.561579,1.565293,-1.274829,-0.808988,-0.633347
-0.116079,1.608568,-1.352306,-0.18323,-0.54178
1.42823,-0.854821,1.419962,-1.058811,-0.416387
3.170557,-1.868491,-0.997511,-0.403461,-0.026261
-1.050485,-2.03916,-2.111571,-2.48534,-0.136583
-1.064471,-1.937636,-1.513633,1.773714,-0.136583
-0.780913,-0.269637,1.839366,-1.344538,-0.136583
1.033287,1.141302,-1.201372,0.212269,0.739359
-0.45554,-0.543864,0.580958,1.72489,-1.193087
-0.383473,-0.171441,1.066245,0.778574,1.641932
-0.622143,0.154929,1.023681,2.131993,-0.136583
-0.688801,-0.673351,0.620885,1.851075,-1.302552
0.810481,-0.196715,-0.99015,-0.59106,-0.018272
-0.507854,0.501863,-0.124454,-0.821821,-0.431813
-0.188475,-0.903489,0.050837,2.020258,-1.111759
-0.343347,1.056467,1.269524,0.372293,0.99765
-0.039986,1.835686,0.507198,0.377387,0.500307
1.270206,-0.896105,-0.62297,-0.3118,-0.395757
-0.772756,-0.509871,0.093132,1.946024,-1.295792
1.319931,-0.893173,-0.623041,-0.310711,-0.395126
-0.493033,-0.684638,2.462514,-1.19636,0.756731
-0.839733,-0.664976,-0.509148,0.644782,2.159773
-0.786704,-0.366917,0.015881,0.968197,-0.136583
0.357149,1.03111,-0.146693,-0.708148,-0.469178
-0.33621,1.192427,-1.410741,-0.734288,0.086823
2.997407,-1.035689,-0.945796,-0.597086,-0.232597
1.291226,1.100177,-1.133497,-0.673721,-0.304441
-0.214614,2.585153,-1.394124,-0.866546,0.440613
-0.329329,2.366978,-1.479266,-0.885482,-0.754818
-0.520461,-0.915035,1.230828,1.12706,1.268177
-0.524252,0.544856,0.682565,-1.130276,-0.626785
-0.699994,-0.129246,2.073311,-1.409611,-0.876314
-0.345008,1.418252,-1.616685,-0.066925,-0.136583
1.773169,0.642288,-1.183287,0.840053,-0.616096
-0.551021,0.619281,0.507706,0.075082,-0.49905
0.772204,0.369345,0.032204,-0.062585,0.415147
0.972977,0.303862,-0.091863,0.398646,1.299034
1.98185,-0.919849,-0.619417,-0.316505,-0.222889
0.574307,0.142322,-0.461899,-0.693433,-0.266791
-0.350037,-0.950183,0.616206,1.153073,3.364768
-0.802322,-0.661956,-0.378057,-1.48749,-0.136583
0.024089,1.140668,0.877652,-0.918557,-0.409976
0.899042,-0.181311,0.510256,0.414407,0.968374
-0.589772,-0.212038,0.317146,1.102768,-0.136583
0.447108,1.171418,-1.211247,-0.698106,-0.323694
-0.610199,-0.343796,0.85938,-1.075465,0.558229
-0.617666,-0.028066,1.913991,-1.330485,-0.758876
-0.335139,2.557411,-1.465607,-0.801252,-0.42237
-0.439759,0.884257,0.088835,-0.113575,-0.136583
-1.120972,-0.052131,0.981171,-1.16571,-0.509113
-0.301613,1.308459,-0.015217,-0.151173,0.209783
-0.811326,-0.669671,-0.395884,-1.424425,-0.136583
1.709564,-1.753989,-0.594316,-0.279228,-0.283982
0.28368,1.558337,-1.27475,-0.720831,-0.337303
2.518386,-1.072999,0.632674,0.139109,-0.542589
-0.570908,-0.971824,0.91035,1.307141,-1.497809
-0.686325,-0.391011,0.509575,2.315413,-0.136583
-0.400665,1.973267,-1.558019,-0.811407,-0.395013
-0.293792,-0.879273,0.273901,1.478271,-1.208425
-1.072586,-0.665582,0.88634,1.002131,-0.136583
-0.30037,2.10844,-1.488825,-0.014104,-0.440024
-0.843719,-0.3908,0.901014,-1.20735,-0.666365
-0.680705,-0.630287,0.550053,0.419012,2.152529
-0.564157,0.062914,0.243294,0.082022,-0.485912
-0.588127,1.063987,0.865074,0.748272,1.667209
-0.327615,-0.678131,1.083016,0.962032,2.540006
-0.845086,-0.967766,-0.001894,0.494091,-0.136583
-0.684332,-0.14384,1.867115,-1.3021,-0.136583
0.164971,0.156645,0.487056,0.097531,2.082448
-0.627569,-0.829713,-0.042664,1.91858,-1.496773
-0.551204,-0.37192,1.024265,0.626072,0.822049
-0.506715,2.218515,1.009926,-1.015276,-0.435184
-0.647394,-0.405901,1.986065,-1.363245,-0.722854
-1.144949,-1.077206,-0.007687,1.898531,-2.125983
-0.816853,-0.808668,0.768481,0.915091,-0.745282
-0.753484,-0.701102,0.926483,0.871314,-0.136583
-0.158484,2.644762,-1.433735,-0.100736,0.34062
2.137114,-0.116251,-0.398589,-0.006339,0.241288
-0.373259,2.374498,-1.482864,-0.804249,-0.136583
-0.430124,-0.632081,1.229542,1.040523,2.581439
3.170709,-0.818827,-0.379553,-0.621283,-0.232345
-0.660115,-0.108566,2.575855,-1.411822,-0.838498
2.051592,-0.615993,-0.457577,-0.60125,-0.019887
-0.378035,1.303571,0.311451,0.442964,-0.641547
-0.17986,2.012877,-1.299252,-0.178665,-0.35494
1.968889,-0.230109,0.094598,0.403819,-0.500546
-0.624141,-0.204142,2.091206,-1.446103,-0.839929
0.954776,1.424632,-1.329512,-0.75151,-0.327851
-0.21472,2.195332,-1.432011,-0.844682,-0.818617
-0.7778,-1.123769,-0.384807,0.570426,2.636441
1.052664,1.068135,-1.23325,-0.852923,1.119301
-0.733552,-0.840895,-0.596741,0.911965,2.395015
-0.199746,2.295114,-1.348029,-0.780895,-0.390759
-0.81938,-0.740861,-0.261518,0.401949,1.13271
-0.558643,-0.130562,1.5692,-1.282835,0.953878
-0.430285,-0.783866,0.619124,1.06479,3.33586
-0.178311,0.703682,0.61532,-1.042898,-1.009187
-0.640853,0.308997,0.409568,-1.089428,0.450351
-0.027063,-0.839206,0.614953,2.346197,-1.270515
-0.304788,-0.778384,0.903953,1.010693,1.050378
2.652479,-0.803597,-0.580393,-0.155533,-0.271781
0.331961,0.95994,-0.069116,1.32291,-0.681705
0.189077,1.185812,-1.190251,-0.263715,-0.416406
0.672463,1.094255,-1.339842,0.273393,1.566638
-0.329633,-0.545242,1.716958,0.830085,-0.739476
-0.631523,-0.144381,1.840144,-1.458342,-0.848129
2.488691,-1.056133,0.724956,-0.834565,-0.359172
-0.563358,1.10181,-1.220225,-0.710998,-0.316915
-1.081158,-0.221238,1.278201,-1.282614,-0.815034
-0.560575,-0.965261,1.018981,1.098826,1.573059
0.084536,0.109304,0.966767,0.579986,1.347361
-0.459135,0.211964,-0.368432,-0.155407,-0.136583
-0.507981,1.107568,1.000416,0.427014,-0.740188
3.38251,-1.834009,-0.96497,-0.604546,-0.242945
-0.711561,-0.754261,-0.131249,1.57966,-0.136583
0.480972,-0.218089,-1.056342,-0.600976,-0.234401
-0.446274,1.530665,0.35945,0.506832,-0.136583
0.051413,1.289765,1.000179,0.245619,-0.457066
-0.606329,0.478586,0.790212,1.346537,-1.19189
-0.696646,0.155928,1.155382,-1.272671,-0.59855
2.517186,-0.854898,-0.970972,-0.617612,-0.238006
-0.684223,-0.439152,0.659094,-1.008496,-0.481395
-0.400508,-0.323123,1.005376,-1.796265,-1.569234
-0.672326,-0.984356,-1.093338,0.837806,2.592436
-0.549199,-0.907347,1.225555,1.129496,1.067434
2.120461,-0.744505,-0.658555,-0.367877,-0.035528
-0.065934,0.181743,-0.28644,-0.256313,-0.277833
-0.827833,-0.593831,-0.392313,0.407472,2.109062
0.257036,1.620659,-1.477291,0.645517,-0.563146
0.135265,1.659552,-1.479776,-0.740991,1.241741
-0.527135,0.276743,0.522174,-1.019459,-0.451936
1.559331,-0.442203,-0.964809,-0.360297,0.054215
-0.531193,1.736585,-1.240327,-0.73327,0.156942
-0.799942,-0.874559,-0.107311,1.593596,1.035151
0.550796,-0.252928,-1.219371,-0.33253,-0.136583
-0.574346,-0.656637,-0.156543,1.867785,-1.825052
-0.377386,1.108837,-1.23704,-0.696149,-0.289665
0.108359,-0.549878,0.138994,1.277249,0.842162
-0.690866,0.015162,0.928083,-1.079387,-0.136583
0.760559,-0.623638,-0.966318,-0.359562,0.073509
0.091529,0.172014,-1.198113,-0.642651,-0.136583
-0.459168,2.085892,-1.283248,-0.729277,0.173505
0.293369,-0.377053,0.00486,-0.066711,0.245231
1.102773,0.233209,-0.276313,-0.161431,1.248413
-0.670495,-0.8973,-0.33503,1.091632,1.716339
-0.611381,-0.947292,1.06228,0.687542,1.841039
1.741495,-0.686684,-0.924757,-0.575018,-0.053003
-0.821849,-1.12297,-0.288594,2.126268,-1.733021
1.269589,1.486074,-1.278209,-0.034732,-0.479359
-0.72796,0.003882,1.03252,0.446516,-0.136583
-0.817653,-0.88071,0.067894,0.439822,-0.136583
-0.592795,-0.359002,0.837238,0.83807,-1.245955
-0.505837,-0.020076,0.068607,-0.92756,0.672361
-0.012708,0.506281,-1.227267,-0.690151,-0.315845
1.973151,-1.068695,0.086328,1.333016,-0.78117
0.506672,1.51163,-1.301792,-0.215857,0.149335
-0.707805,0.377887,0.362962,0.124305,-0.136583
-0.143894,-0.051144,0.831954,-0.899891,-0.600308
-0.08122,1.514685,-0.239293,1.19788,-0.71217
2.07692,-1.00476,-0.68483,-0.374859,-0.033525
-0.802544,-1.015596,-0.278056,1.805176,1.575105
-0.873905,-1.163425,-0.462507,0.668841,2.591967
-0.03907,1.88365,0.084441,0.174493,0.888459
2.008342,-0.562463,-0.434234,-0.195651,0.789046
0.081464,-0.21474,1.64738,0.486662,-0.795445
-0.657718,0.878888,0.269989,0.261388,2.353008
-0.161376,1.16915,-1.401562,-0.770569,-0.136583
-0.585641,-0.606858,-0.037244,1.032061,-1.665888
-0.495728,0.166785,0.997542,0.926466,-0.919541
-0.499762,-0.010441,0.916585,0.370456,-0.926438
-0.524101,2.10246,0.06836,0.378557,-0.136583
-0.829698,-0.929605,0.152165,0.534947,-1.106144
-0.276333,-0.896749,0.048797,1.443043,-1.295648
-0.71438,-0.834574,0.019192,1.725656,-1.063519
0.932638,1.62241,-1.320461,0.264075,-0.506255
1.799476,-0.601918,-0.47997,-0.598198,-0.018175
-0.635215,0.587027,0.0562,-0.08375,0.14486
0.063716,1.634348,0.530408,0.231968,-0.469248
2.117957,-0.912237,-0.632608,-0.333514,-0.226496
-1.15665,0.43511,0.740613,0.313525,0.536298
2.096437,-0.476552,-1.000843,-0.386349,-0.219196
-0.261416,2.166122,-1.368264,-0.746582,-0.373928
-0.365587,-0.851306,1.417584,-1.503239,-0.136583
2.486851,-0.362033,-0.03812,-0.091904,-0.355112
-0.411085,-0.233164,2.028143,-1.348897,-0.55745
2.510898,-0.791627,-0.96375,-0.392576,-0.222947
0.289212,1.116427,-1.189211,-0.67935,0.047808
-0.117703,1.211204,-1.16765,-0.694828,0.071739
-0.703562,-0.788785,-0.175785,0.352929,-0.136583
-0.379771,1.133477,0.480518,1.236975,-0.903841
-0.349141,0.897888,0.734735,0.31365,-0.136583
-0.606698,-0.151372,-0.015472,1.118762,-1.421849
-0.646805,-0.229169,1.423949,-1.287858,-0.666317
-0.628801,0.559967,0.260588,0.055504,-0.464915
-0.133206,0.428507,1.091088,0.410857,1.945535
0.999586,0.008606,-0.262725,-0.006454,-0.495152
-0.794913,-0.942313,-0.221611,0.345568,-0.136583
-0.676189,-0.946234,0.890425,1.231262,1.065645
-0.826115,-0.984263,-0.032452,-0.833329,-0.136583
0.156014,-0.608913,1.221773,0.699691,-0.78351
-0.260232,0.463604,-1.199678,-0.243406,-0.283364
-0.603197,-0.29155,1.783814,-1.374938,0.521774
-0.225074,2.205555,-0.176726,0.603055,-0.686109
2.881922,-0.968089,-0.959301,-0.388643,-0.22854
0.563454,0.697349,-1.219799,0.009369,2.258883
-0.535298,-0.772518,1.023584,0.664224,1.471155
-0.098899,1.835533,0.377853,0.020795,-0.447636
0.351234,0.399402,-0.273092,-0.087249,-0.614036
-0.337376,1.43093,0.119626,-1.107762,2.438828
-0.419299,0.732035,-1.226157,-0.697365,-0.314236
-0.580068,-0.687202,-0.021548,2.326109,3.489033
0.004623,1.79872,-1.27382,-0.124975,-0.528104
-0.569083,-0.059004,2.02314,-1.417147,-0.136583
1.889189,-0.198161,-1.113474,-0.244192,0.180253
-1.066583,-0.260483,0.681668,-1.294204,-0.670752
